{"cameraMode":{"drawMode":0,"name":"Shaded","section":"Shading Mode"},"sceneLighting":false,"audioPlay":false,"sceneViewState":{"m_AlwaysRefresh":false,"showFog":true,"showSkybox":false,"showFlares":true,"showImageEffects":true,"showParticleSystems":true,"showVisualEffectGraphs":true,"m_FxEnabled":true},"in2DMode":false,"pivot":{"x":-1.0033193826675416,"y":0.11751455068588257,"z":1.0471324920654297},"rotation":{"x":0.004092459101229906,"y":0.9208204746246338,"z":0.00966967735439539,"w":-0.3898589313030243},"size":0.7832410931587219,"orthographic":true}