{"cameraMode":{"drawMode":0,"name":"Shaded","section":"Shading Mode"},"sceneLighting":false,"audioPlay":false,"sceneViewState":{"m_AlwaysRefresh":false,"showFog":true,"showSkybox":false,"showFlares":true,"showImageEffects":true,"showParticleSystems":true,"showVisualEffectGraphs":true,"m_FxEnabled":true},"in2DMode":false,"pivot":{"x":0.028096675872802736,"y":-0.08497190475463867,"z":0.023099422454833986},"rotation":{"x":0.26316705346107485,"y":-0.5017427206039429,"z":0.1634923666715622,"w":0.8076353073120117},"size":4.15084171295166,"orthographic":false}