{"cameraMode":{"drawMode":0,"name":"Shaded","section":"Shading Mode"},"sceneLighting":false,"audioPlay":false,"sceneViewState":{"m_AlwaysRefresh":false,"showFog":true,"showSkybox":false,"showFlares":true,"showImageEffects":true,"showParticleSystems":true,"showVisualEffectGraphs":true,"m_FxEnabled":true},"in2DMode":false,"pivot":{"x":0.3210471272468567,"y":0.9428666830062866,"z":-2.290213108062744},"rotation":{"x":-0.4892280399799347,"y":0.09410885721445084,"z":-0.053181346505880359,"w":-0.865453839302063},"size":2.5479936599731447,"orthographic":true}