{"cameraMode":{"drawMode":0,"name":"Shaded","section":"Shading Mode"},"sceneLighting":false,"audioPlay":false,"sceneViewState":{"m_AlwaysRefresh":false,"showFog":true,"showSkybox":false,"showFlares":true,"showImageEffects":true,"showParticleSystems":true,"showVisualEffectGraphs":true,"m_FxEnabled":true},"in2DMode":false,"pivot":{"x":0.385149210691452,"y":1.0329424142837525,"z":-2.7946362495422365},"rotation":{"x":0.025574002414941789,"y":-0.5223668813705444,"z":0.015675300732254983,"w":0.8521973490715027},"size":2.632788896560669,"orthographic":true}