{"cameraMode":{"drawMode":0,"name":"Shaded","section":"Shading Mode"},"sceneLighting":true,"audioPlay":false,"sceneViewState":{"m_AlwaysRefresh":false,"showFog":true,"showSkybox":true,"showFlares":true,"showImageEffects":true,"showParticleSystems":true,"showVisualEffectGraphs":true,"m_FxEnabled":true},"in2DMode":false,"pivot":{"x":0.14565253257751466,"y":0.7224411964416504,"z":-1.8575246334075928},"rotation":{"x":0.16492444276809693,"y":-0.8196322321891785,"z":0.29041582345962527,"w":0.4656021296977997},"size":27.78545379638672,"orthographic":true}