{"cameraMode":{"drawMode":0,"name":"Shaded","section":"Shading Mode"},"sceneLighting":false,"audioPlay":false,"sceneViewState":{"m_AlwaysRefresh":false,"showFog":true,"showSkybox":false,"showFlares":true,"showImageEffects":true,"showParticleSystems":true,"showVisualEffectGraphs":true,"m_FxEnabled":true},"in2DMode":false,"pivot":{"x":-1.006638765335083,"y":0.48502910137176516,"z":1.005173683166504},"rotation":{"x":-0.03948114812374115,"y":0.9250914454460144,"z":-0.10029979050159455,"w":-0.3641398847103119},"size":1.5220228433609009,"orthographic":true}