{"cameraMode":{"drawMode":0,"name":"Shaded","section":"Shading Mode"},"sceneLighting":false,"audioPlay":false,"sceneViewState":{"m_AlwaysRefresh":false,"showFog":true,"showSkybox":false,"showFlares":true,"showImageEffects":true,"showParticleSystems":true,"showVisualEffectGraphs":true,"m_FxEnabled":true},"in2DMode":false,"pivot":{"x":0.5286109447479248,"y":0.21754789352416993,"z":2.6084654331207277},"rotation":{"x":0.22594183683395387,"y":-0.027172543108463289,"z":0.006305052433162928,"w":0.9737418293952942},"size":1.3218088150024415,"orthographic":false}