{"cameraMode":{"drawMode":0,"name":"Shaded","section":"Shading Mode"},"sceneLighting":false,"audioPlay":false,"sceneViewState":{"m_AlwaysRefresh":false,"showFog":true,"showSkybox":false,"showFlares":true,"showImageEffects":true,"showParticleSystems":true,"showVisualEffectGraphs":true,"m_FxEnabled":true},"in2DMode":false,"pivot":{"x":0.07407188415527344,"y":-0.06575155258178711,"z":-0.01608896255493164},"rotation":{"x":0.17427225410938264,"y":-0.7124415040016174,"z":0.19032281637191773,"w":0.6526227593421936},"size":7.146867752075195,"orthographic":true}